Year,Predicted Unemployment Rate (%)
2025,7.099999999999909
2026,5.849999999999909
2027,4.599999999999909
2028,3.349999999999909
2029,2.099999999999909
2030,0.849999999999909
